config_name,abs_rel,d1,accuracy,nyu2_time,da2k_time,model_size
no_quant,0.998693311797734,0.0,0.4985479186834463,8.327217125382264,9.248789932236205,94.55517578125
hqq_8bit,0.998693740331434,0.0,0.4995159728944821,22.105504587155963,21.47918683446273,36.57275390625
hqq_4bit,0.9987293168309996,0.0,0.505324298160697,25.974006116207953,25.121974830590514,63.02734375
hqq_2bit,0.9979402521334657,0.0,0.4714424007744434,29.31651376146789,28.3891577928364,48.1591796875
hqq_1bit,0.9991279091310064,0.0,0.48209099709583736,35.99694189602447,34.26718296224588,40.322265625
