config_name,abs_rel,d1,accuracy,nyu2_time,da2k_time,model_size
no_quant,0.9041176585064751,0.0024099517347448336,0.4995159728944821,13.539755351681958,14.096805421103582,1280.98046875
hqq_8bit,0.9041444851535541,0.002397897511924796,0.5004840271055179,40.60091743119266,38.69119070667957,451.791015625
hqq_4bit,0.9046720827755943,0.0022528683438129476,0.4985479186834463,48.39755351681957,75.06195546950629,760.724609375
hqq_2bit,0.9141621720900229,2.5141910174206493e-05,0.5208131655372701,65.22477064220183,106.41045498547919,544.9375
hqq_1bit,0.9502142664124842,0.0,0.48693126815101645,82.74006116207951,130.75508228460794,436.1796875
