config_name,abs_rel,d1,accuracy,nyu2_time,da2k_time,model_size
no_quant,0.9973859160865118,0.0,0.5024201355275896,8.622324159021407,9.945788964181995,372.34423828125
hqq_8bit,0.9973829437833314,0.0,0.5024201355275896,23.539755351681958,22.66408518877057,143.03173828125
hqq_4bit,0.9974577690300956,0.0,0.5072604065827686,27.119266055045873,26.007744433688288,243.6748046875
hqq_2bit,0.997986577975276,0.0,0.5091965150048403,31.24006116207951,29.84027105517909,178.841796875
hqq_1bit,0.9988944879547901,0.0,0.5169409486931268,37.891437308868504,38.97676669893514,146.5634765625
